{"Epoch Loss for train": 1.4019402660787474, "Age Accuracy for train": 0.669175922870636, "Gender Accuracy for train": 0.9601125121116638, "Race Accuracy for train": 0.7988102436065674, "_runtime": 2519, "_timestamp": 1644990809, "_step": 9, "Epoch Loss for val": 2.3070963559978654, "Age Accuracy for val": 0.5515792965888977, "Gender Accuracy for val": 0.9235895276069641, "Race Accuracy for val": 0.6707139015197754}