{"Epoch Loss for train": 3.0495645379619956, "Age Accuracy for train": 0.4388430118560791, "Gender Accuracy for train": 0.8181891441345215, "Race Accuracy for train": 0.48255786299705505, "_runtime": 2567, "_timestamp": 1644996244, "_step": 9, "Epoch Loss for val": 3.113822040362843, "Age Accuracy for val": 0.44568192958831787, "Gender Accuracy for val": 0.8362241983413696, "Race Accuracy for val": 0.4606536328792572}