{"Epoch Loss for train": 2.0957171893654127, "Age Accuracy for train": 0.5587475895881653, "Gender Accuracy for train": 0.9167550206184387, "Race Accuracy for train": 0.6594576835632324, "_runtime": 2786, "_timestamp": 1644955938, "_step": 9, "Epoch Loss for val": 2.3416238559822498, "Age Accuracy for val": 0.5313127636909485, "Gender Accuracy for val": 0.9011319875717163, "Race Accuracy for val": 0.6230600476264954}